x_pos,y_pos,yaw
0,0,0
0.0118142,-0.0100883,-0.00077204
0.00712989,-0.00426597,-0.00596255
0.00622904,-0.0110847,-0.00218033
0.0194215,-0.0181229,0.00172592
0.0114027,-0.0156962,-0.00419419
0.0136298,-0.00435784,-0.00177732
0.020512,-0.0178972,-0.00350365
0.020877,-0.0111741,-0.00909229
0.0189137,-0.0141037,-0.00874703
0.0323212,-0.0088309,-0.00517556
0.0327086,-0.0134266,-0.000428915
0.0254285,0.011491,-0.0124788
0.0251076,0.016779,-0.0107873
0.0244682,0.0124842,-0.00928232
0.0245369,0.019601,-0.0154779
0.0156506,0.0245531,-0.0204694
0.0344628,0.0341062,-0.023763
0.0302451,0.041012,-0.032374
0.0315646,0.044023,-0.0288529
0.0364627,0.035788,-0.0279395
0.0371005,0.0274498,-0.0260801
0.0340863,0.0175502,-0.0242208
0.0374082,0.00573386,-0.0171618
0.0357192,0.0205452,-0.0257381
0.0374523,0.0191681,-0.0226693
0.0479862,0.0193999,-0.022324
0.0384043,0.0194221,-0.022324
0.0411042,0.0230466,-0.0262303
0.0421297,0.0149929,-0.022865
0.04453,0.0145123,-0.0201245
0.0395123,0.0149443,-0.0251872
0.041654,0.0137454,-0.0251872
0.0492229,0.0107902,-0.0190983
0.0461457,0.0211276,-0.0237562
0.0427924,0.0274164,-0.0277975
0.0406958,0.0307686,-0.0327889
0.037238,0.0429305,-0.0315929
0.0441249,0.0404932,-0.0268212
0.0388402,0.0225474,-0.0243314
0.0379402,0.030962,-0.0270719
0.0385608,0.03488,-0.0281637
0.0387417,0.0271127,-0.0306052
0.0429039,0.0365959,-0.0342098
0.0477828,0.0229498,-0.0258233
0.0546014,0.0245634,-0.0297296
0.0470718,0.0108545,-0.018499
0.0418925,0.0298069,-0.0302737
0.0435877,0.0354436,-0.0302737
0.0441236,0.0600375,-0.0377748
0.0437492,0.0629166,-0.0449677
0.0439052,0.0449373,-0.0353806
0.0499802,0.0487674,-0.0372076
0.0399535,0.0491489,-0.0420904
0.0468368,0.056512,-0.0442188
0.0445669,0.0510005,-0.0420351
0.0368631,0.0613973,-0.0420351
0.0439926,0.0390279,-0.0364465
0.0411305,0.0413251,-0.0383058
0.054504,0.0379748,-0.0404895
0.0522033,0.0346522,-0.0381478
0.0553167,0.0422768,-0.0437895
0.0552635,0.0508192,-0.044703
0.0577865,0.0369011,-0.039444
0.0617607,0.033976,-0.0369068
0.0586397,0.0217037,-0.0352874
0.0631052,0.039742,-0.0413958
0.0573032,0.0238296,-0.0330093
0.0629233,0.0281175,-0.0334975
0.0744456,0.0433379,-0.0358393
0.0709021,0.0282765,-0.0316389
0.0653766,0.0473738,-0.0350394
0.071665,0.0452751,-0.030356
0.0674854,0.0561668,-0.0319382
0.0699207,0.0642784,-0.030356
0.0722518,0.0461705,-0.0279145
0.0693179,0.0567356,-0.0340812
0.0663384,0.0498261,-0.032744
0.0681457,0.0513388,-0.0339889
0.0673893,0.0696563,-0.0395132
0.0696994,0.0596425,-0.038368
0.0723606,0.0652102,-0.0396129
0.0682667,0.0617315,-0.0375997
0.0776125,0.07934,-0.0410524
0.0717348,0.0798647,-0.0407071
0.0720225,0.0594053,-0.0299704
0.0846561,0.0371549,-0.0193173
0.0759318,0.0376023,-0.0256931
0.0766884,0.0383933,-0.0237707
0.0711296,0.0246521,-0.0169348
0.0687391,0.0191605,-0.012983
0.0784913,0.0183987,-0.0126377
0.0793004,0.0140491,-0.0108772
0.0662198,0.0211636,-0.0145475
0.0780528,0.0186869,-0.0114593
0.0792319,0.0116654,-0.00950617
0.0778841,0.0174654,-0.00598512
0.0779436,0.0101939,-0.00251523
0.0704866,0.00665909,-0.00523386
0.0809252,-0.00864885,0.00497932
0.0829968,0.0293676,-0.00739751
0.0717547,0.0114114,0.00652504
0.0767304,0.0108683,0.00652504
0.0751871,0.0154278,0.00518783
0.0746132,0.0141881,0.00161635
0.0713762,0.00790791,0.00990279
0.0633151,0.00628224,0.00573091
0.0667871,0.00515189,0.00573091
0.0654428,0.00759055,0.00488518
0.0696956,0.0145791,0.00565722
0.067852,0.0170707,-0.00129116
0.0642322,0.0180323,0.00300738
0.0749446,0.00223469,0.00895761
0.0640529,6.30512e-05,0.00719709
0.0681297,-0.00371922,0.00754236
0.0688122,0.00232175,0.0106112
0.0720117,0.00511966,0.00957536
0.0703573,-0.0073957,0.0156935
0.063919,-0.00668093,0.0149215
0.0647875,-0.0137211,0.0191218
0.0628863,-0.0103878,0.0158646
0.0705093,-0.0212805,0.0213672
0.0626724,-0.0220269,0.0243373
0.07248,-0.0311887,0.0243373
0.071545,-0.0465511,0.0338683
0.0730821,-0.0369446,0.0258227
0.0695872,-0.0384569,0.0274421
0.0659575,-0.0473111,0.028687
0.0758654,-0.0466784,0.031492
0.0742227,-0.0320399,0.0249228
0.0755811,-0.0230239,0.0148862
0.0761638,-0.039638,0.0256229
0.0805573,-0.0440151,0.0266587
0.0730632,-0.0375353,0.0220136
0.0714029,-0.0254568,0.0165327
0.0800531,-0.0472206,0.0265514
0.0792461,-0.03143,0.0175546
0.0850051,-0.0329397,0.0235844
0.0798148,-0.0343353,0.021601
0.0898008,-0.0557016,0.0342776
0.0968194,-0.0545363,0.0339323
0.0929122,-0.042384,0.0315653
0.0944179,-0.0334774,0.029839
0.0958607,-0.0357629,0.030437
0.0987499,-0.0179041,0.0207818
0.0999574,-0.00801716,0.0175063
0.0940515,-0.0146599,0.0202029
0.108039,-0.00406659,0.0216265
0.104197,-0.0282758,0.0315616
0.110009,-0.0279446,0.0315616
0.109891,-0.0186754,0.0294614
0.106356,-0.0217297,0.0305533
0.100256,-0.0101595,0.030208
0.109463,-0.00533231,0.0254238
0.10946,-0.0315066,0.036238
0.103884,-0.0418555,0.037619
0.101937,-0.0302879,0.0299295
0.106938,-0.0342676,0.0328388
0.103917,-0.0525549,0.0347919
0.105608,-0.0223676,0.0239503
0.0936586,-0.0312673,0.0244386
0.0996783,-0.0401526,0.0307391
0.0979943,-0.0153368,0.0183575
0.0908831,-0.00863675,0.0143458
0.0861817,-0.00675987,0.0118561
0.091862,-0.0131374,0.0223456
0.0788556,-0.0212362,0.0252343
0.078747,-0.0285603,0.0268538
0.075731,-0.0291319,0.0291955
0.0711412,-0.0237324,0.0223074
0.0792347,-0.0220313,0.0214617
0.0739369,-0.0129784,0.0208637
0.0800537,-0.0263792,0.024949
0.0755073,-0.0272018,0.0269324
0.0839963,-0.0328469,0.0294221
0.0852905,-0.0267552,0.027531
0.0846398,-0.0247617,0.0243106
0.0784836,-0.0335389,0.0276758
0.0864975,-0.0449733,0.0331893
0.0845002,-0.0303626,0.0221623
0.0875426,-0.0257381,0.0241154
0.0906277,-0.0300723,0.0266526
0.0896774,-0.0372828,0.0283441
0.0857915,-0.0358027,0.0249612
0.0897615,-0.0422619,0.025997
0.08898,-0.0351536,0.0238686
0.0776253,-0.0524973,0.0265206
0.0780125,-0.0572733,0.0254848
0.0773855,-0.0479403,0.0251396
0.078071,-0.0562735,0.0266836
0.0743306,-0.047771,0.0257702
0.0744131,-0.041254,0.0251721
0.0774282,-0.0396593,0.0245741
0.0783491,-0.046264,0.0270398
0.0811104,-0.0473525,0.0276378
0.0828882,-0.0559473,0.028783
0.0874017,-0.0305305,0.0226843
0.0904204,-0.0183341,0.0137673
0.0890386,-0.036616,0.0171678
0.0882808,-0.0247345,0.018505
0.080053,-0.0281855,0.0137458
0.088969,-0.0128172,0.0100272
0.0838535,-0.0379655,0.0222879
0.0832149,-0.0411279,0.0242102
0.0853411,-0.0163052,0.0156131
0.087717,-0.0175082,0.0115133
0.0844242,-0.0278345,0.0124899
0.0778906,-0.0468544,0.019059
0.0803637,-0.0405382,0.0157474
0.0834434,-0.0386858,0.0142033
0.0818518,-0.0193821,0.00716117
0.0787104,-0.0246498,0.00681591
0.0761371,-0.0264802,0.00681591
0.0769159,-0.00523774,-0.000183752
0.0730805,-0.00216196,-0.00313372
0.0758992,-0.0207007,0.00760297
0.0744987,-0.0167428,0.0012272
0.0693381,-0.0166213,0.00157247
0.0668998,-0.00208272,-0.00533289
0.0736876,0.00607723,-0.00352278
0.0591346,0.0122152,-0.00809023
0.0640211,0.0158044,-0.00774497
0.0600795,0.00697752,-0.00714695
0.0625464,-0.00298035,0.000185422
0.057708,0.0145213,-0.00528464
0.0576539,0.0150544,-0.00528464
0.0558532,0.0168332,-0.00877167
0.0603707,0.00963942,-0.00332344
0.0657367,0.00878389,-0.000716733
0.0635075,0.0302659,-0.0126022
0.0587519,0.0252655,-0.011265
0.0562261,0.0157272,-0.00802611
0.0515219,0.0296298,-0.0109962
0.0580207,0.0284136,-0.0130866
0.0598494,0.0154899,-0.00119612
0.0616352,0.0188457,-0.00299018
0.0622951,0.0245144,-0.00846024
0.0579694,0.0398202,-0.0154172
0.0600968,0.0429884,-0.0150719
0.0593731,0.0576998,-0.0173095
0.0573155,0.0380794,-0.0147723
0.0547073,0.0633822,-0.0192208
0.0590436,0.0495289,-0.0167551
0.0610742,0.0507741,-0.013251
0.0543775,0.0399771,-0.0180476
0.0524976,0.037279,-0.014234
0.0539956,0.0278834,-0.00560922
0.0450492,0.035094,-0.0136991
0.0564101,0.027314,-0.00862473
0.0548177,0.0241061,-0.00597268
0.0451801,0.0272697,-0.00900239
0.0482003,0.027864,-0.0101984
0.0445487,0.0318387,-0.0139331
0.0459198,0.0400143,-0.0151291
0.0412273,0.0318917,-0.0145311
0.0451565,0.0287759,-0.0102325
0.0599441,0.0365578,-0.0114314
0.0511788,0.0661207,-0.0230941
0.0546846,0.0506001,-0.0138489
0.0559828,0.0560794,-0.0166325
0.0427305,0.06278,-0.0158605
0.0535899,0.0826376,-0.0227139
0.0448501,0.0808519,-0.019684
0.0448929,0.0729431,-0.0219481
0.0372883,0.0948636,-0.0283704
0.0380193,0.0874617,-0.0283704
0.0415498,0.0850955,-0.0321996
0.0467516,0.0847381,-0.0305082
0.0357233,0.0817826,-0.0273063
0.0401638,0.0746062,-0.0279968
0.0330218,0.0691256,-0.0275085
0.0381928,0.0723004,-0.0291644
0.0430907,0.0835848,-0.0354079
0.03659,0.0862003,-0.0347174
0.0413164,0.0911095,-0.0343721
0.0342209,0.0873032,-0.0347174
0.041964,0.0824116,-0.0299053
0.0313761,0.0936697,-0.0366358
0.0221097,0.092313,-0.0328066
0.0295054,0.0816193,-0.0294413
0.030519,0.0703487,-0.0261117
0.0316237,0.0952558,-0.031382
0.0353784,0.0739205,-0.0269335
0.0319977,0.0843655,-0.0360423
0.0350322,0.0884176,-0.0345373
0.0383683,0.0907688,-0.0402211
0.0344642,0.0909043,-0.0422638
0.0334914,0.0747867,-0.0370963
0.0376912,0.0597014,-0.0356314
0.0373518,0.0689756,-0.03993
0.0355471,0.0765323,-0.0424905
0.0374597,0.101001,-0.0485892
0.0474324,0.0807397,-0.0341084
0.0382482,0.0775023,-0.0331949
0.0507911,0.0984121,-0.0370705
0.0390663,0.095431,-0.0405232
0.0435547,0.0744154,-0.0306422
0.0525706,0.0749765,-0.0288817
0.0542806,0.0621012,-0.0237027
0.0628979,0.0778782,-0.0316514
0.0601546,0.0814646,-0.0298573
0.0667327,0.0746347,-0.0265098
0.0642963,0.0862545,-0.0309449
0.0630189,0.0769261,-0.0273901
0.0651251,0.0793473,-0.0315477
0.0632707,0.0927442,-0.038287
0.0724496,0.0827219,-0.0329382
0.0689609,0.0830369,-0.0312119
0.0658049,0.0871126,-0.0306204
0.0706344,0.0947862,-0.0309656
0.0668658,0.0878329,-0.0306204
0.0736771,0.0863693,-0.0259115
0.0748262,0.107909,-0.0354923
0.0808955,0.103857,-0.0358376
0.0826444,0.0976219,-0.0311415
0.083743,0.0899513,-0.0311415
0.0788807,0.107245,-0.0350932
0.081528,0.118103,-0.040226
0.0890223,0.119073,-0.0371378
0.0855088,0.113701,-0.0353109
0.0821692,0.118364,-0.0370372
0.0833756,0.115137,-0.0437942
0.0918645,0.0883718,-0.0311931
0.0841342,0.0983464,-0.0346972
0.086762,0.103711,-0.035789
0.089792,0.11631,-0.0334729
0.0931374,0.097664,-0.0256909
0.0925383,0.0899681,-0.0243537
0.0882614,0.0997465,-0.0304033
0.0965114,0.103997,-0.0321233
0.0835097,0.0998442,-0.0321233
0.095158,0.0899399,-0.025218
0.0889254,0.0797831,-0.0222279
0.0846942,0.0785029,-0.020936
0.092739,0.0764883,-0.0166236
0.103595,0.0730379,-0.0112748
0.103397,0.071573,-0.0105842
0.103341,0.0613971,-0.0030593
0.113285,0.0559989,-0.00202349
0.107808,0.0721407,-0.0118075
0.109165,0.0779817,-0.0168412
0.113079,0.102941,-0.0279705
0.11193,0.0954528,-0.0260173
0.110088,0.0830023,-0.0180387
0.115668,0.0945827,-0.0218523
0.110321,0.0956836,-0.0201965
0.116533,0.119036,-0.0288696
0.11859,0.0964873,-0.0182952
0.0992194,0.091648,-0.0212044
0.108916,0.0940055,-0.0244617
0.109021,0.0932817,-0.0236896
0.102583,0.101816,-0.0283858
0.100017,0.0937183,-0.0262021
0.0949918,0.0953452,-0.0215957
0.0957215,0.0774236,-0.0169378
0.0972869,0.0753409,-0.017283
0.101602,0.0785496,-0.018788
0.0997,0.0723271,-0.0137254
0.100157,0.0893823,-0.0215912
0.0989528,0.0804121,-0.0186412
0.0994484,0.0872334,-0.0225168
0.100619,0.0779432,-0.0142592
0.0977362,0.0837808,-0.0178473
0.100023,0.0758333,-0.0128706
0.116344,0.0862457,-0.0209899
0.114299,0.0865032,-0.0172873
0.0965032,0.111748,-0.0249301
0.102742,0.103266,-0.0219202
0.104699,0.104194,-0.023165
0.105477,0.0874442,-0.0221292
0.103922,0.0856486,-0.0196156
0.105227,0.096348,-0.0263727
0.101194,0.083528,-0.0210109
0.0921382,0.104573,-0.0311243
0.101489,0.0864402,-0.0203766
0.103573,0.0814148,-0.0183633
0.109815,0.0729195,-0.0128933
0.10928,0.0817821,-0.012548
0.120658,0.094068,-0.0140921
0.118981,0.0688171,0.0134783
0.12139,0.0573231,0.0320814
0.115966,0.0748156,0.0314834
0.117298,0.071028,0.0428982
0.117016,0.0813847,0.0397716
0.106903,0.0821977,0.037534
0.103584,0.0860053,0.0361968
0.109925,0.0709961,0.0450602
0.116056,0.0699821,0.0467865
0.115997,0.07695,0.0498162
0.131765,0.0695,0.0654719
0.13292,0.0574208,0.0795873
0.124264,0.0562469,0.08304
0.12439,0.0540324,0.0851402
0.122477,0.0311757,0.0904443
0.135498,0.0468606,0.0969953
0.124437,0.0364385,0.106273
0.123821,0.0470505,0.107308
0.124639,0.0383274,0.118045
0.109718,0.059604,0.132316
0.113227,0.0284175,0.163202
0.103959,0.00230474,0.174962
0.104988,0.0107024,0.172672
0.103762,0.0205422,0.162779
0.104074,0.00237766,0.169136
0.104762,0.00577015,0.168647
0.101083,0.0080055,0.174257
0.088907,0.0260196,0.180366
0.0825166,0.0204066,0.185748
0.084814,0.0254601,0.202935
0.0951948,0.0341143,0.20715
0.0925607,0.0259873,0.237012
0.0851826,0.0232797,0.251644
0.0846205,0.01917,0.258993
0.0936187,0.0135601,0.265803
0.0972839,0.00551157,0.275696
0.0976183,0.037991,0.275696
0.101925,0.0230236,0.30566
0.109393,0.0272517,0.306005
0.103204,0.0171778,0.310663
0.102944,0.0309061,0.303862
0.10457,0.0365393,0.308442
0.0931923,0.0509753,0.311372
0.0960246,0.0494911,0.324758
0.118279,0.0532578,0.338294
0.109506,0.0533101,0.35216
0.110203,0.0377825,0.366181
0.123411,0.0512467,0.37883
0.12677,0.0567437,0.389753
0.139566,0.0469513,0.408545
0.148602,0.0476793,0.421642
0.138806,0.0413751,0.43602
0.145767,0.0471954,0.441899
0.149843,0.0560982,0.445229
0.154894,0.0532795,0.451679
0.167963,0.0563465,0.462931
0.159168,0.0604578,0.466791
0.147631,0.0550681,0.488614
0.151784,0.0601583,0.49812
0.153419,0.0528455,0.517072
0.166822,0.0483069,0.537531
0.161684,0.0544829,0.538567
0.166748,0.0611128,0.547017
0.162017,0.0608008,0.567171
0.152306,0.0622362,0.57303
0.148218,0.0693612,0.566177
0.158603,0.0685456,0.575147
0.159306,0.0715184,0.583786
0.141778,0.0862745,0.591158
0.142151,0.0825675,0.61111
0.146303,0.0841387,0.649411
0.168057,0.0810533,0.668263
0.145534,0.0821943,0.66173
0.151999,0.0722536,0.668618
0.151703,0.0739785,0.666759
0.1574,0.0750441,0.670445
0.149309,0.079235,0.678017
0.152623,0.0849255,0.688765
0.148555,0.0779438,0.703764
0.141124,0.0760816,0.707863
0.134228,0.0768629,0.707375
0.149897,0.071717,0.720712
0.155318,0.0708059,0.729012
0.144527,0.0741166,0.719198
0.141048,0.0755562,0.717693
0.147392,0.0728724,0.722941
0.144042,0.0757045,0.726562
0.166009,0.0697301,0.74352
0.166754,0.0680252,0.74581
0.163979,0.0713892,0.745465
0.17139,0.0699971,0.750249
0.177462,0.0665297,0.756416
0.161617,0.0698603,0.746583
0.167986,0.068693,0.753818
0.169465,0.0693019,0.753329
0.175179,0.067958,0.753329
0.16305,0.0695515,0.752184
0.165858,0.0680567,0.754576
0.162678,0.0685986,0.751667
0.15764,0.0711242,0.749153
0.167577,0.0692583,0.753424
0.166112,0.0693051,0.746641
0.162789,0.0687044,0.744569
0.157898,0.0705019,0.74271
0.155399,0.0729095,0.739821
0.155521,0.0726282,0.739333
0.164756,0.0724044,0.74297
0.164805,0.0702583,0.742198
0.165462,0.0711666,0.741853
0.161833,0.0699208,0.739962
0.167873,0.0703304,0.741915
0.163222,0.070729,0.745436
0.168306,0.0685108,0.747592
0.166343,0.0672819,0.748081
0.165832,0.0664895,0.748569
0.162581,0.0677135,0.746585
0.165198,0.0669664,0.748477
0.162729,0.0698245,0.74323
0.165699,0.0671694,0.752558
0.167818,0.0686349,0.748401
0.160675,0.0685175,0.745984
0.155179,0.0724756,0.74098
0.163535,0.0692833,0.747389
0.156866,0.0723806,0.74316
0.156205,0.0709255,0.74316
0.156322,0.0702471,0.74316
0.16237,0.0708198,0.746681
0.154104,0.0721473,0.744167
0.161528,0.0704034,0.750709
0.158988,0.0713356,0.74463
0.157699,0.0715396,0.745119
0.163689,0.0696638,0.748283
0.173388,0.0683148,0.755342
0.173593,0.0672492,0.75594
0.167374,0.0677353,0.753243
0.169432,0.0671474,0.754581
0.173351,0.0679049,0.756534
0.172397,0.0697358,0.752755
0.16308,0.0695302,0.743805
0.168677,0.0681597,0.746815
0.161121,0.0697574,0.740291
0.157887,0.0716665,0.737486
0.161174,0.0692721,0.739828
0.164801,0.0696546,0.740674
0.157539,0.068917,0.740674
0.166953,0.0680191,0.741709
0.16334,0.0683722,0.739342
0.162829,0.067445,0.739342
0.149868,0.0684787,0.73695
0.147094,0.0702937,0.734041
0.153251,0.0696259,0.733788
0.155793,0.0702026,0.734386
0.153544,0.0691515,0.731873
0.151101,0.0723433,0.729481
0.151899,0.0723722,0.729135
0.148732,0.072114,0.729481
0.151309,0.0710006,0.728635
0.157907,0.067637,0.734484
0.160216,0.0687215,0.733638
0.161067,0.0699346,0.73441
0.161616,0.0694378,0.736066
0.164014,0.0696019,0.735721
0.16417,0.0693373,0.739879
0.166601,0.0678409,0.742089
0.165331,0.0671223,0.742089
0.16733,0.0674361,0.744481
0.170031,0.0650871,0.745905
0.176126,0.0648367,0.750455
0.171915,0.0675427,0.746101
0.17963,0.0631642,0.751405
0.173776,0.0647621,0.748203
0.172653,0.064189,0.74678
0.170278,0.0656329,0.745584
0.172095,0.0657902,0.741603
0.173872,0.0669437,0.743675
0.177058,0.0641002,0.749253
0.179028,0.0647397,0.749598
0.180189,0.0636121,0.748353
0.175155,0.063623,0.748698
0.169094,0.0650731,0.741382
0.170208,0.0639752,0.745722
0.179334,0.0624447,0.751592
0.180591,0.0625803,0.752683
0.177649,0.0626196,0.749987
0.178052,0.0626706,0.751781
0.180471,0.0631552,0.752553
0.180424,0.0655594,0.746838
0.177146,0.066889,0.746349
0.175566,0.0639647,0.748176
0.173358,0.0651436,0.74418
0.171896,0.0652894,0.742108
0.172268,0.0657057,0.742108
0.174811,0.0649972,0.742596
0.176558,0.0655311,0.743368
0.168184,0.0668084,0.735867
0.171477,0.0650598,0.738877
0.174152,0.0645293,0.74092
0.171274,0.0648895,0.7393
0.175618,0.0630879,0.738955
0.17594,0.064827,0.739869
0.181543,0.0616773,0.742918
0.172908,0.0633023,0.737603
0.174566,0.0633616,0.739147
0.178136,0.0637746,0.740802
0.185328,0.0636629,0.74444
0.181759,0.0641188,0.74143
0.177893,0.0637111,0.740138
0.182569,0.0626746,0.743048
0.187841,0.0620941,0.745895
0.187965,0.0624993,0.74624
0.187663,0.0621139,0.745095
0.180231,0.0651681,0.738813
0.193897,0.0614461,0.750332
0.182882,0.0640087,0.742619
0.182837,0.0635557,0.743217
0.178598,0.0633314,0.737639
0.191227,0.0609012,0.741561
0.175611,0.0618277,0.736775
0.168409,0.0619313,0.744595
0.169233,0.0630719,0.740147
0.171674,0.0635047,0.741183
0.176857,0.0592949,0.749309
0.174193,0.0611592,0.746339
0.171114,0.0609149,0.743232
0.182841,0.0583466,0.750677
0.170482,0.0601773,0.744559
0.176093,0.0589924,0.74818
0.176525,0.0593916,0.748668
0.172846,0.0618855,0.74495
0.172896,0.0606092,0.74495
0.171748,0.0607621,0.743805
0.153654,0.0636952,0.738922
0.152804,0.0649669,0.736999
0.159755,0.0632392,0.739583
0.162331,0.0619188,0.742167
0.160594,0.0610331,0.740786
0.153271,0.0629236,0.737535
0.154136,0.0629104,0.736845
0.15534,0.0636146,0.736357
0.150551,0.0654232,0.731776
0.150469,0.0653669,0.72946
0.149733,0.0641637,0.729805
0.149275,0.0649734,0.729115
0.152549,0.0624882,0.734801
0.161895,0.0614671,0.742972
0.154698,0.062013,0.736162
0.160963,0.0626347,0.741387
0.153826,0.0627859,0.739767
0.153398,0.0630879,0.738791
0.145409,0.0650193,0.733192
0.156856,0.0616183,0.743258
0.16651,0.0596346,0.749188
0.161603,0.0615659,0.741978
0.164285,0.0604533,0.74327
0.158484,0.0609283,0.740465
0.167281,0.0589089,0.74716
0.164793,0.0612073,0.745737
0.168628,0.0594592,0.750846
0.171629,0.0576096,0.751444
0.16504,0.0605992,0.747646
0.165493,0.0597655,0.747301
0.170139,0.0598458,0.749674
0.166531,0.0587207,0.747914
0.17366,0.0557806,0.75197
0.165803,0.0565759,0.7459
0.166067,0.0587447,0.7459
0.169371,0.0598279,0.74752
0.169786,0.0602454,0.749648
0.174821,0.0574143,0.751113
0.180976,0.0558319,0.754002
0.165056,0.0584188,0.749594
0.16738,0.0592108,0.751058
0.171793,0.0605257,0.75734
0.171672,0.0677819,0.759551
0.175677,0.0689976,0.76676
0.168338,0.0635485,0.761434
0.172849,0.0668562,0.774411
0.171474,0.0775062,0.773721
0.164024,0.0821797,0.775612
0.177433,0.0805209,0.790076
0.180264,0.0794632,0.799663
0.158288,0.08207,0.810728
0.15924,0.0905988,0.816505
0.177576,0.0940414,0.846098
0.179318,0.0952189,0.871327
0.177875,0.091699,0.90007
0.186614,0.086514,0.948465
0.185391,0.0950431,0.961558
0.185229,0.105394,0.962472
0.184265,0.107225,0.97397
0.17914,0.101887,0.989856
0.201178,0.0952513,1.05244
0.189251,0.106474,1.08609
0.195521,0.10838,1.10243
0.21144,0.107817,1.1132
0.205479,0.107817,1.12778
0.206788,0.10419,1.13714
0.211285,0.0938139,1.17814
0.21799,0.0942318,1.19423
0.210096,0.106112,1.20816
0.208399,0.107589,1.20747
0.212973,0.11143,1.20898
0.205925,0.111715,1.21493
0.214137,0.0987728,1.23176
0.225489,0.0938538,1.25931
0.224795,0.107614,1.28448
0.214882,0.113937,1.28179
0.222768,0.119029,1.29412
0.216047,0.113639,1.29882
0.226952,0.101282,1.32281
0.223044,0.104785,1.33575
0.218734,0.111412,1.33889
0.217439,0.116923,1.33998
0.218145,0.114886,1.34549
0.239679,0.110181,1.37156
0.229203,0.109313,1.38119
0.244207,0.108014,1.39264
0.238182,0.106041,1.39032
0.234655,0.105591,1.39266
0.236598,0.106515,1.40352
0.248414,0.105209,1.41501
0.247094,0.116319,1.42463
0.24992,0.117406,1.43146
0.245374,0.110407,1.43524
0.254035,0.107916,1.44245
0.264744,0.108443,1.45135
0.275517,0.108496,1.46108
0.274177,0.106964,1.45836
0.27538,0.107931,1.46329
0.273852,0.109071,1.46414
0.277478,0.106945,1.47357
0.276145,0.107123,1.47448
0.274375,0.106536,1.47497
0.269472,0.104997,1.47308
0.27488,0.106206,1.47753
0.270114,0.106052,1.47843
0.273177,0.105167,1.48113
0.276097,0.105278,1.47955
0.275281,0.105589,1.48417
0.287689,0.106034,1.492
0.287342,0.10575,1.49421
0.282856,0.105659,1.49297
0.286724,0.10449,1.49331
0.283333,0.105208,1.49207
0.284624,0.104127,1.49241
0.283022,0.104551,1.49087
0.278467,0.1043,1.49087
0.280998,0.106241,1.49221
0.285863,0.105926,1.49269
0.2874,0.10615,1.49749
0.284543,0.104561,1.49947
0.286835,0.105823,1.50184
0.289538,0.105354,1.50132
0.290989,0.104045,1.50063
0.293539,0.104002,1.50098
0.288672,0.10466,1.50132
0.290169,0.104998,1.50167
0.28776,0.105619,1.49965
0.288886,0.106586,1.4967
0.29494,0.106777,1.48546
0.281205,0.108276,1.46084
0.277987,0.108185,1.444
0.262086,0.108275,1.42246
0.26538,0.105298,1.40388
0.271186,0.105008,1.38916
0.270721,0.104167,1.3676
0.251746,0.106939,1.32687
0.245795,0.106252,1.27808
0.248556,0.106335,1.26157
0.234047,0.102891,1.24472
0.231299,0.0994305,1.23737
0.235793,0.0950993,1.23603
0.249432,0.096443,1.24124
0.247934,0.0969302,1.2401
0.244156,0.0967409,1.23805
0.241497,0.0954327,1.23736
0.245537,0.0947092,1.23805
0.245698,0.0955407,1.23663
0.250889,0.0947504,1.23732
0.250557,0.0956089,1.23792
0.24349,0.0945615,1.23524
0.250155,0.0938302,1.23609
0.246262,0.0927031,1.23186
0.244078,0.0946539,1.23117
0.246669,0.0944317,1.23279
0.250586,0.0946277,1.23279
0.24477,0.0936184,1.23133
0.250044,0.0935642,1.23466
0.247158,0.0935079,1.23075
0.246805,0.0944329,1.23204
0.247736,0.0957778,1.23135
0.249893,0.0944785,1.23075
0.250474,0.0942288,1.23209
0.249197,0.0946395,1.23075
0.252054,0.0961526,1.23331
0.246981,0.0953463,1.22979
0.246498,0.0959293,1.2291
0.238495,0.0959376,1.22768
0.240825,0.0961423,1.22871
0.243087,0.0960516,1.2312
0.242227,0.0965425,1.23043
0.241735,0.0967546,1.23317
0.239322,0.0968715,1.23198
0.236668,0.0976838,1.2302
0.236091,0.095868,1.2302
0.241569,0.095404,1.23453
0.245161,0.0956048,1.23393
0.242266,0.094739,1.23344
0.249181,0.0958232,1.23614
0.244029,0.0966695,1.23522
0.245625,0.095529,1.23591
0.241285,0.0946895,1.23294
0.242569,0.0951293,1.23414
0.243772,0.0947118,1.23621
0.24957,0.094759,1.23882
0.247643,0.0953461,1.23882
0.248388,0.0948615,1.23916
0.249995,0.0956403,1.2414
0.243299,0.0954562,1.24006
0.240592,0.0949814,1.24006
0.240009,0.0950935,1.23783
0.235947,0.0953283,1.23945
0.239768,0.0966808,1.24214
0.238519,0.0947853,1.2398
0.236072,0.0942689,1.24043
0.239539,0.0954144,1.24205
0.241249,0.0944589,1.24347
0.235428,0.0959025,1.23873
0.236639,0.0957025,1.23987
0.239876,0.095215,1.24022
0.240793,0.0959558,1.23918
0.233434,0.0986835,1.23264
0.237759,0.101894,1.22926
0.243044,0.0993146,1.22975
0.244707,0.0967968,1.2203
0.246917,0.0981242,1.21455
0.242014,0.103087,1.19746
0.249099,0.0988101,1.19443
0.251376,0.0974151,1.1934
0.245225,0.0973026,1.18794
0.238064,0.0992102,1.18403
0.242919,0.102044,1.1763
0.240303,0.102209,1.16725
0.229457,0.101297,1.14822
0.237736,0.0980615,1.14396
0.224226,0.102454,1.13087
0.221483,0.0953023,1.11717
0.214603,0.106056,1.10148
0.221583,0.109205,1.09464
0.213401,0.105524,1.08759
0.220459,0.102203,1.08836
0.234406,0.092719,1.07413
0.224242,0.0974884,1.06211
0.231803,0.0996376,1.05555
0.241761,0.0992995,1.05072
0.239113,0.100333,1.04083
0.237414,0.100722,1.01139
0.23888,0.0941676,1.01104
0.232036,0.0932662,0.995617
0.238026,0.0902504,0.995271
0.228941,0.101174,0.984255
0.226779,0.108372,0.972058
0.234141,0.0990982,0.965998
0.239114,0.0945703,0.953195
0.223763,0.097592,0.941013
0.219048,0.10549,0.929453
0.200764,0.110187,0.911602
0.219389,0.100143,0.914449
0.216541,0.0955952,0.911519
0.224607,0.0932687,0.90676
0.224101,0.0924344,0.901769
0.227137,0.0904587,0.896886
0.22196,0.099374,0.894189
0.209568,0.0987681,0.880684
0.206266,0.0861308,0.870047
0.214472,0.0894934,0.858758
0.209706,0.0929825,0.854806
0.21875,0.0992773,0.844889
0.222772,0.0961037,0.842063
0.228279,0.0852281,0.841718
0.220362,0.0797817,0.833709
0.225913,0.077236,0.829609
0.237168,0.0787358,0.830098
0.223851,0.0873297,0.809529
0.229253,0.0905962,0.800023
0.243484,0.0803675,0.802629
0.243704,0.0717891,0.789731
0.245342,0.0680917,0.785137
0.245038,0.0714138,0.780416
0.258391,0.0722983,0.787567
0.248674,0.0812194,0.779159
0.246313,0.0732705,0.773656
0.262389,0.0682285,0.770019
0.253413,0.0691228,0.7598
0.248602,0.0760304,0.749396
0.251415,0.0771027,0.736589
0.258809,0.0646228,0.740733
0.256334,0.0602639,0.735741
0.271328,0.0634181,0.72429
0.273364,0.0676316,0.714106
0.276754,0.0661145,0.71245
0.267711,0.0631136,0.687646
0.261649,0.0613616,0.67254
0.265899,0.0492209,0.677082
0.268952,0.0465737,0.676736
0.274771,0.0447478,0.680718
0.284455,0.0449176,0.68699
0.283551,0.0481235,0.68232
0.27622,0.0448855,0.671094
0.291876,0.0506083,0.663248
0.298426,0.053179,0.661911
0.297155,0.0545839,0.657227
0.287905,0.0504428,0.647304
0.287893,0.0492303,0.636116
0.280884,0.0518915,0.594163
0.293351,0.043725,0.577244
0.284641,0.039835,0.565101
0.279201,0.0411915,0.556097
0.287485,0.0433024,0.538762
0.291114,0.0332261,0.524036
0.296098,0.031218,0.504744
0.289629,0.0339566,0.48524
0.279586,0.0308532,0.470825
0.286902,0.0308905,0.471917
0.283973,0.033884,0.472405
0.29408,0.0281217,0.478668
0.297636,0.0285744,0.478668
0.297576,0.0305519,0.477423
0.292893,0.0336997,0.476825
0.294008,0.0278944,0.474195
0.285814,0.02708,0.466639
0.307926,0.0283238,0.438439
0.2974,0.0331976,0.413513
0.290643,0.0330771,0.391158
0.293417,0.028665,0.370144
0.273531,0.043501,0.347646
0.287781,0.0165134,0.346669
0.277531,0.0135739,0.336374
0.289838,0.00856411,0.323959
0.283411,0.00691719,0.304424
0.271653,0.0123072,0.293167
0.284598,-0.00329999,0.300327
0.284413,0.00623165,0.289837
0.284249,0.0280133,0.258228
0.268234,0.00156245,0.253726
0.26345,0.0156972,0.233294
0.257441,0.00743288,0.232202
0.255312,0.0121666,0.228801
0.250901,0.0165011,0.221348
0.241136,0.0328243,0.210038
0.245815,0.0440115,0.199235
0.242384,0.0443261,0.192907
0.224001,0.054102,0.192907
0.234219,0.0593279,0.180798
0.239161,0.0548281,0.163434
0.231926,0.0436325,0.150405
0.243797,0.0566251,0.142286
0.239231,0.0548277,0.133269
0.244912,0.0608375,0.133269
0.23895,0.0585365,0.131543
0.242538,0.066386,0.103663
0.236296,0.0880597,0.0861183
0.234882,0.0764167,0.0603559
0.237636,0.089727,0.0493614
0.226585,0.0875232,0.0332073
0.215399,0.0941968,0.0313162
0.220131,0.0942136,0.0265196
0.212128,0.079669,0.0301077
0.212597,0.0860456,0.0234663
0.21135,0.0788914,0.0252604
0.220303,0.0852579,0.0170608
0.21626,0.0898804,0.0118933
0.217685,0.0823838,0.0158901
0.214005,0.10162,0.00782234
0.221096,0.0962588,0.00992252
0.217924,0.0942259,0.00640147
0.224049,0.0936547,0.00493663
0.216452,0.100019,0.00254455
0.21858,0.105214,0.00569008
0.215913,0.102264,0.004146
0.209117,0.114775,-0.00367414
0.213954,0.0919779,0.00478316
0.208857,0.100558,0.00478316
0.214023,0.0884837,0.00265479
0.218201,0.104008,0.00415978
0.213055,0.097434,0.0047578
0.221083,0.0815493,0.00749827
0.219234,0.0986512,-0.00125004
0.21685,0.0970871,-0.00426001
0.21623,0.0893908,-0.000160185
0.207584,0.105494,-0.0199042
0.215137,0.0816877,-0.0178616
0.211972,0.0815493,-0.0138977
0.211989,0.0884868,-0.0162394
0.216693,0.0794098,-0.013019
0.202798,0.0885405,-0.018858
0.207546,0.100047,-0.0205138
0.212325,0.0842829,-0.0154277
0.212473,0.0966954,-0.0182327
0.216623,0.0883908,-0.0230043
0.215236,0.0769133,-0.0177454
0.2157,0.0646487,-0.0105112
0.21351,0.0871385,-0.0173646
0.218292,0.0852693,-0.0112464
0.218346,0.0781138,-0.00765831
0.21651,0.0858821,-0.0122127
0.221047,0.0744467,-0.0103534
0.217965,0.0716391,-0.0163036
0.22521,0.0957355,-0.0250995
0.224193,0.0757967,-0.0208288
0.226667,0.0750241,-0.0161453
0.229884,0.0736005,-0.0167434
0.233643,0.0645398,-0.012431
0.222547,0.0622808,-0.0127762
0.220745,0.0651151,-0.0161415
0.22212,0.0566743,-0.0121897
0.221423,0.0646366,-0.0141428
0.216104,0.0496562,-0.0114242
0.235109,0.0710353,-0.0114242
0.240306,0.0438662,-0.00382831
0.233902,0.0346968,-0.00619534
0.233806,0.0271517,-0.00550481
0.239665,0.0184748,-0.00265767
0.231327,0.0306379,-0.0127239
0.229425,0.0421739,-0.0192567
0.226302,0.0484137,-0.0227265
0.226735,0.0389428,-0.0151779
0.233855,0.0440566,-0.0205156
0.231197,0.0257195,-0.0160271
0.230239,0.0302778,-0.0144449
0.223447,0.0454559,-0.0191156
0.219307,0.0610275,-0.0265529
0.210061,0.0472426,-0.0161546
0.214267,0.0581822,-0.0193935
0.225817,0.0626423,-0.0193935
0.216869,0.0440348,-0.0240514
0.223012,0.042937,-0.0203168
0.212629,0.053085,-0.0252482
0.218399,0.0512537,-0.0241564
0.216387,0.0469782,-0.0228645
0.217039,0.0401514,-0.0207643
0.218401,0.0323637,-0.0153161
0.21976,0.05105,-0.0202475
0.211308,0.0546941,-0.0286198
0.2144,0.0562612,-0.031328
0.203608,0.0513433,-0.030556
0.206071,0.0501175,-0.0325394
0.203212,0.0368979,-0.0281721
0.202153,0.0420723,-0.0305391
0.200456,0.0368865,-0.0305391
0.196129,0.0377154,-0.0315157
0.195398,0.0377519,-0.0284083
0.195247,0.0388708,-0.0303614
0.201859,0.0277718,-0.0251722
0.202474,0.0315963,-0.0265533
0.204375,0.0238213,-0.0230492
0.20745,0.028323,-0.0245933
0.20961,0.027796,-0.0250816
0.210434,0.017775,-0.0217699
0.20916,0.0247153,-0.0217699
0.200861,0.00574435,-0.0170484
0.205096,0.00787125,-0.0176465
0.205004,-0.0171311,-0.0114412
0.203772,-0.011135,-0.0138083
0.205136,0.0128387,-0.024439
0.196823,0.00784856,-0.0230154
0.204517,-0.0019875,-0.0179764
0.215836,-0.00766827,-0.0202404
0.214562,0.00896211,-0.0241314
0.19632,0.0157113,-0.0282746
0.1985,0.0216755,-0.0281909
0.203261,0.00825195,-0.0201231
0.206094,0.0108615,-0.0229492
0.207639,0.0125468,-0.0234375
0.210571,0.0251452,-0.025057
0.212965,0.0246461,-0.0238609
0.204976,0.0308524,-0.0242062
0.208451,0.0224358,-0.0202847
0.207407,0.0180868,-0.020773
0.205008,0.0255022,-0.0193494
0.216922,0.029073,-0.0252494
0.212654,0.0405347,-0.0286323
0.213891,0.0405154,-0.0319975
0.221878,0.0335734,-0.0285448
0.209133,0.0321877,-0.0342521
0.21528,0.0487307,-0.039733
0.215085,0.0419657,-0.0347059
0.21618,0.0395457,-0.0313406
0.211023,0.0409084,-0.0336309
0.20768,0.0541318,-0.035522
0.207032,0.0501257,-0.0320866
0.208006,0.0682836,-0.0378434
0.209592,0.0599055,-0.03284
0.208186,0.0628146,-0.0385656
0.20369,0.0514683,-0.0300591
0.210886,0.0455753,-0.0314402
0.207078,0.058968,-0.0358482
0.202378,0.0538664,-0.0369401
0.200118,0.058141,-0.0409219
0.203474,0.0540517,-0.0370004
0.200605,0.0526448,-0.0355356
0.201146,0.0566598,-0.038276
0.186413,0.0707569,-0.0484424
0.184606,0.0540881,-0.0412579
0.189116,0.0776842,-0.0520775
0.185035,0.0652923,-0.0461978
0.184226,0.0607224,-0.044542
0.182716,0.0630852,-0.045314
0.191743,0.0455562,-0.0424879
0.18501,0.0531933,-0.0477013
0.193126,0.0653972,-0.0574974
0.186982,0.0565037,-0.0539764
0.204691,0.062955,-0.0578207
0.203453,0.0751165,-0.0609281
0.205121,0.0770322,-0.0571776
0.209195,0.087483,-0.0648438
0.20722,0.0862306,-0.0618938
0.206449,0.0786124,-0.0633988
0.217335,0.0666773,-0.0596962
0.205042,0.0766215,-0.0638394
0.205895,0.0700859,-0.0603524
0.206104,0.0632573,-0.0701058
0.201399,0.0539931,-0.0608826
0.203168,0.0559731,-0.0580146
0.20179,0.064793,-0.0591598
0.206887,0.0773617,-0.0641988
0.21108,0.0632393,-0.0623395
0.215759,0.0561214,-0.0590098
0.212399,0.0849887,-0.0711864
0.213678,0.0843221,-0.0723315
0.206952,0.0854929,-0.0737964
0.210387,0.0795563,-0.0717248
0.204108,0.100787,-0.0806751
0.203071,0.0896709,-0.0722602
0.204613,0.0689371,-0.0687732
0.202581,0.0786237,-0.0732484
0.1997,0.0696687,-0.0670817
0.202217,0.096942,-0.0782056
0.205257,0.0804141,-0.0694029
0.213552,0.0805311,-0.0694029
0.20832,0.0832653,-0.0666625
0.206547,0.094129,-0.0744521
0.199247,0.0951471,-0.0752241
0.209158,0.0863162,-0.0690093
0.201437,0.0913986,-0.0723922
0.202002,0.105096,-0.0749528
0.212262,0.0977246,-0.0728526
0.200817,0.102672,-0.0749242
0.195939,0.124506,-0.0841242
0.200323,0.102824,-0.0797161
0.196199,0.0955917,-0.0764044
0.20192,0.0845364,-0.0865942
0.210003,0.0762153,-0.0803986
0.201012,0.0980482,-0.0915064
0.205033,0.0994765,-0.0915064
0.198245,0.107368,-0.0903103
0.200343,0.10242,-0.0890185
0.199278,0.0995685,-0.0912561
0.195695,0.104412,-0.0922326
0.200698,0.0977741,-0.088939
0.202918,0.0894002,-0.0884507
0.199746,0.0790691,-0.0863223
0.199569,0.0700097,-0.0799279
0.200194,0.0627348,-0.0787828
0.205752,0.0553868,-0.0753129
0.210425,0.0568304,-0.0734535
0.201512,0.0649553,-0.0806877
0.193786,0.0640843,-0.084358
0.187896,0.07015,-0.0857815
0.191236,0.0741666,-0.0870264
0.194166,0.0707992,-0.0856028
0.188635,0.0891081,-0.0860911
0.188929,0.0824399,-0.0860911
0.177204,0.0916147,-0.0841636
0.192119,0.096497,-0.0859242
0.1807,0.112098,-0.0961839
0.186135,0.0940122,-0.0884867
0.187835,0.109211,-0.0899515
0.189392,0.112206,-0.0915337
0.191967,0.114639,-0.0936053
0.197965,0.107454,-0.0891435
0.190809,0.126154,-0.0983045
0.19294,0.109762,-0.0917992
0.179895,0.101991,-0.095899
0.183268,0.0990741,-0.0887477
0.185002,0.100356,-0.0894382
0.193874,0.114383,-0.0913293
0.19546,0.105806,-0.083997
0.189229,0.0933763,-0.0755538
0.198673,0.107061,-0.078737
0.198314,0.103105,-0.073558
0.198224,0.104986,-0.0740462
0.199307,0.100643,-0.0807145
0.202191,0.116668,-0.0859734
0.203036,0.110331,-0.0816749
0.212956,0.107799,-0.0796027
0.20944,0.117824,-0.0828046
0.211665,0.123458,-0.0871991
0.210342,0.110982,-0.0810518
0.217937,0.127737,-0.0960422
0.213836,0.124431,-0.096888
0.221071,0.140677,-0.102947
0.225996,0.135695,-0.0997642
0.224509,0.139453,-0.101807
0.228923,0.135731,-0.0989807
0.226551,0.114046,-0.0937125
0.228935,0.138934,-0.103844
0.22768,0.128639,-0.093819
0.224501,0.13143,-0.0941642
0.226219,0.124562,-0.0983504
0.224617,0.116013,-0.0943091
0.228686,0.123134,-0.100543
0.225722,0.127082,-0.100888
0.226198,0.1494,-0.107198
0.222457,0.143181,-0.107509
0.217793,0.1393,-0.105167
0.204417,0.145197,-0.108177
0.207017,0.138015,-0.105309
0.203432,0.154515,-0.114682
0.20357,0.162858,-0.111556
0.210213,0.183341,-0.114382
0.211585,0.184876,-0.107913
0.221537,0.18536,-0.116069
0.222443,0.178875,-0.106615
0.23005,0.179386,-0.109245
0.230471,0.189441,-0.112995
0.224118,0.172744,-0.0954067
0.228149,0.189805,-0.103807
0.220435,0.167599,-0.0918121
0.223231,0.167827,-0.090268
0.219936,0.173586,-0.0923682
0.220119,0.196206,-0.102841
0.217529,0.196894,-0.103443
0.219229,0.18615,-0.100814
0.228889,0.181939,-0.106073
0.232221,0.208467,-0.112678
0.225418,0.191329,-0.0984169
0.229041,0.184287,-0.10806
0.224837,0.205003,-0.109256
0.228522,0.198037,-0.108484
0.226075,0.191355,-0.106042
0.227278,0.189729,-0.10858
0.226315,0.181196,-0.10298
0.230923,0.191041,-0.106363
0.225818,0.179376,-0.100006
0.222029,0.190711,-0.104135
0.213744,0.225223,-0.117693
0.209348,0.21833,-0.115537
0.210316,0.216277,-0.113993
0.213648,0.214811,-0.114338
0.216995,0.22032,-0.116549
0.210344,0.21573,-0.110099
0.219917,0.223459,-0.11399
0.220765,0.217039,-0.11399
0.221183,0.208435,-0.112698
0.225109,0.232212,-0.123501
0.231329,0.24333,-0.12641
0.223068,0.246794,-0.13273
0.220431,0.253123,-0.135659
0.220033,0.260652,-0.141679
0.225389,0.266998,-0.142924
0.226182,0.265098,-0.139437
0.225645,0.245602,-0.133165
0.226939,0.244706,-0.130058
0.221826,0.251665,-0.131602
0.22024,0.251272,-0.131004
0.230943,0.276793,-0.14215
0.229274,0.282952,-0.144467
0.225642,0.275464,-0.144955
0.230302,0.283868,-0.148476
0.22002,0.266791,-0.14332
0.221274,0.278051,-0.14581
0.227797,0.269288,-0.14332
0.230979,0.27581,-0.149467
0.231184,0.291923,-0.155467
0.235301,0.298709,-0.164304
0.234347,0.297967,-0.162148
0.239956,0.287705,-0.158272
0.240181,0.28898,-0.156512
0.239084,0.285228,-0.155476
